Id,country_id,Human Development Index HDI-2014,Gini coefficient 2005-2013,Adolescent birth rate 15-19 per 100k 20102015,Carbon dioxide emissionsAverage annual growth,Carbon dioxide emissions per capita 2011 Tones,Change forest percentable 1900 to 2012,Consumer price index 2013,Domestic food price level 2009 2014 index,Domestic food price level 2009-2014 volitility index,Electrification rate or population,Foreign direct investment net inflows percentage GDP 2013,Fossil fuels percentage of total 2012,Gender Inequality Index 2014,General government final consumption expenditure - Perce of GDP 2005-2013,Gross domestic product GDP 2013,Gross domestic product GDP percapta,Gross national income GNI per capita - 2011  Dollars,Homicide rate per 100k people 2008-2012,Infant Mortality 2013 per thousands,International inbound tourists thausands 2013,Internet users percentage of population 2014,Intimate or nonintimate partner violence ever experienced 2001-2011,Life expectancy at birth- years,Maternal mortality ratio deaths per 100 live births 2013,Mean years of schooling - Years,Net migration rate per 1k people 2010-2015,Physicians per 10k people,Population living on degraded land Percentage 2010,Primary school dropout rate 2008-2014,Prison population per 100k people,Public expenditure on education Percentange GDP,Public health expenditure percentage of GDP 2013,Pupil-teacher ratio primary school pupils per teacher 2008-2014,Renewable sources percentage of total 2012,Research and development expenditure  2005-2012,Share of seats in parliament percentage held by womand 2014,Taxes on income profit and capital gain 205 2013,Total tax revenue of GDP 2005-2013,Under-five Mortality 2013 thousands
Norway,1,0.94387728,26.83,7.834,0.778924806,9.192879069,11.91456737,104.1941748,1.51,11.3,100,0.5125554,57.27180466,0.067443002,21.85272015,317.4975867,62448.01762,64992.34046,2.2,2.3,4963,96.3,26.8,81.6,4,12.631,6,37.39,0.186818481,1.51155,72,6.552840233,9.573011,9.590636667,47.75267616,1.65474,39.6449704,31.79839075,27.28809691,2.8
Australia,2,0.93495825,34.01,12.059,1.090351403,16.51920992,-4.561812321,107.7894398,1.36,6.3,100,3.330412,95.36779752,0.110130103,17.7467415,990.7210035,42831.06163,42260.61295,1.1,3.4,6382,84.56,39.9,82.4,6,12.96338081,6.5,32.73,8.98454966,6.118623333,130,5.110410213,8.998704,12.30300667,4.632201736,2.38562,30.5309735,65.33374843,21.361426,4
Switzerland,3,0.92961314,32.35,1.9,-1.101253915,4.625229924,8.567416409,99.3172293,1.35,6.6,100,-1.193327,51.07563775,0.027847645,10.96350675,442.0365935,54697.46682,56431.06833,0.6,3.6,8967,87,39,83,6,12.82348463,8,39.38,0.4567513,6.05644,82,5.276949883,11.46621,10.7542,49.65939818,2.87046,28.4552846,22.67329867,9.759124063,4.2
Denmark,4,0.923327926,26.88,5.101,-1.767732957,7.248328717,23.02997397,106.0577185,1.31,6,100,0.4755334,70.58238697,0.048432247,26.71585401,235.7224101,41990.51573,44025.48217,0.8,2.9,8557,95.99,50,80.2,5,12.72938824,2.7,34.24,8.536134407,1.11317,73,8.745690346,10.62326,12.30300667,26.76724503,2.98416,37.9888268,39.6779382,33.39565101,3.5
Netherlands,5,0.921793512,28.87,6.165,-0.25273377,10.06448974,5.92260219,107.4741544,1.38,5.6,100,3.761942,91.44745084,0.062405981,26.33518498,755.2590028,44944.59267,45435.1166,0.9,3.3,12800,93.17,39.46666667,81.6,6,11.88930225,0.6,31.49,5.352625045,6.05644,82,5.930980206,12.8853,11.50226,6.671365641,2.15676,36.8888889,23.53310361,19.72405892,4
Germany,6,0.916079908,30.63,3.795,-0.739740093,8.917832846,3.293447369,105.692141,1.54,5.6,100,1.374354,80.187836,0.040728955,19.26363598,3483.398236,43206.66066,43918.53597,0.8,3.2,31500,86.19,40,80.9,7,13.06677702,1.3,38.06,8.085258727,3.75764,79,4.979529858,11.29719,11.71402,20.38880799,2.9191,36.8571429,16.25383828,11.51823703,3.9
Ireland,7,0.915541562,32.06,8.236,0.591211929,7.880759326,62.70967741,104.8396802,1.23,3.3,100,21.52736,84.72883027,0.112931537,17.4782253,206.4707637,44931.04202,39568.12085,1.2,3.2,8260,79.69,14.5,80.9,9,12.2,2.2,27.19,0.483991792,6.118623333,88,6.154679775,8.921805,16.06046,6.405793703,1.72382,19.9115044,37.82396011,22.00695642,3.8
United States,8,0.914959354,41.12,31.001,-0.692444213,17.02021634,2.98213413,106.8338489,1,0,100,1.75912,83.55005184,0.27997656,15.19253821,16230.20875,51340.48763,52946.51344,4.7,5.9,69800,87.36,35.6,79.1,28,12.94252883,3.1,24.52,1.09258942,2.425216667,716,5.226019859,17.09764,14.42216,16.29966924,2.79197,19.4392523,53.18171451,10.56589596,6.9
Canada,9,0.913178984,33.68,14.499,-0.40164638,14.13581338,1.17E-08,105.4522038,1.25,7.1,100,3.873133,73.69457159,0.129227342,21.67536679,1472.925397,41894.09697,42155.00562,1.6,4.6,16600,87.12,6.4,82,11,13.00416198,6.3,20.68,2.682220681,4.6367,118,5.272459984,10.8607,11.17668,27.89825014,1.72797,28.1725888,51.64931625,11.53194769,5.2
New Zealand,10,0.913497656,28.76333333,25.309,1.115933201,7.124050867,6.893782372,106.7281728,1.96,8.7,100,-0.2743136,61.43322269,0.157201498,18.67254022,146.6764056,32807.64194,32689.36246,0.9,5.2,2629,85.5,33.1,81.8,8,12.503,3.3,27.35,5.257356694,2.48661,192,7.354410172,9.738794,14.58702,38.37153225,1.2709,31.4049587,36.31131674,29.2747283,6.3
Singapore,11,0.91179782,29.95,6.045,-2.261071479,4.320151436,-4.28571428,112.6459144,1.02,4,100,21.40433,97.2071931,0.088129418,10.19173373,411.6176962,76236.79363,76628.2002,0.2,2.2,11900,82,9.2,83,6,10.63,15,19.21,1.213150508,1.32316,230,2.935770035,4.554448,17.43929,2.792809886,2.09652,25.2525253,34.71643602,13.9680752,2.8
Hong KongÂ ,12,0.90995187,29.95,3.287,3.235980613,5.695268539,2.963996994,114.2999007,1.56,6.1,100,27.96901,94.77411774,0.05292207,9.31379399,370.2199556,51508.86339,53959.40794,0.4,3.033333333,25700,74.56,21,84,5,11.16091728,4.2,39.67,3.717895246,1.00286,128,3.760329962,11.73887333,13.99258,0.385299726,0.74927,34.69130023,36.18479242,12.49966099,7.766666667
Liechtenstein,13,0.90750119,29.00333333,9.298333333,-0.739740093,1.410849731,6.153846154,106.4587666,1.58,6.3,100,-1.162423733,48.29271242,0.064252439,25.18935595,361.8304018,41064.7142,79851.02038,0,2.666666667,52,95.21,39.46666667,80,4.666666667,11.82895773,2.9,30.54333333,3.608516567,20.60125,24,2.111560106,11.35393533,7.44361,55.98071977,2.643806667,20,21.41171644,12.4674263,5.066666667
Sweden,14,0.90681646,26.08,6.528,-2.336878496,5.518421481,4.141017565,103.8298247,1.46,6.7,100,-0.8831089,31.74427191,0.054730397,26.211759,419.5900083,43741.22844,45635.50431,0.7,2.4,5229,92.52,46,82.2,4,12.09518337,4.2,32.65,0.322143905,4.42096,67,6.819419861,9.710296,9.64567,70.53008497,3.40622,43.5530086,9.763459908,20.68098676,3
United Kingdom,15,0.906698192,38.04,25.758,-1.613521067,7.085732086,10.8923784,110.1768945,1.19,5,100,1.803818,85.08723106,0.177352897,20.24009778,2372.688781,37017.10898,39267.19081,1,3.9,31200,91.61,28.4,80.7,8,13.0544459,2.9,27.9,2.694623264,1.561603333,147,6.033299923,9.117729,18.30825,14.37432102,1.72108,23.5253296,31.8236716,25.29322502,4.6
Iceland,16,0.899412127,26.3,11.488,-0.457757463,5.896828979,264.3678174,113.6425471,1.77,5.4,100,3.057418,15.27250818,0.086934519,24.33165173,13.32367403,41249.50938,35182.11477,0.3,1.6,800,98.16,42,82.6,4,10.59,3.3,34.76,5.428434008,2.08263,47,7.359960079,9.058935,9.92804,84.72752504,2.60487,41.2698413,27.42886228,22.25784913,2.1
South Korea,17,0.898334135,31.01333333,2.242,6.526072967,11.84075687,-3.421703721,107.67,1.85,9.1,100,0.9367723,82.80768545,0.124723753,14.92681447,1642.59033,32708.10745,33890.45203,0.9,3.2,12200,84.33,30.3,81.9,27,11.89,1.2,21.43,2.879727972,0.80889,99,4.86413002,7.172796,17.8745,17.15811066,4.03919,16.3333333,30.32686893,14.4356558,3.7
Israel,18,0.894272981,42.78,7.819,1.539877449,8.952413531,16.36363636,106.8314903,2.2,5.9,100,4.0627,96.69218639,0.100935552,22.49005822,249.2549403,30926.84909,30675.51109,1.8,3.2,2962,71.45,43.7,82.4,2,12.54470158,-2,33.46,12.85759676,1.05974,223,5.637189865,7.237709,12.50256,4.815703541,3.926270008,22.5,27.92069595,22.12731237,4
Luxembourg,19,0.891851627,29.00333333,8.349,-2.114326209,20.8978117,2.963996994,108.0057702,1.27,8.9,100,50.01655,87.35561187,0.099852289,17.28136089,47.65914024,87737.41672,58711.39454,0.8,1.6,945,94.67,39.46666667,81.7,11,11.71397591,9.7,28.24,2.225021549,5.595456667,122,5.285459916,7.096672,8.37204,3.980732398,1.44066,28.3333333,30.04580977,25.53081708,2
Japan,20,0.890593213,32.11,5.412,0.751121838,9.291834303,0.197766176,100.0416667,1.89,5.6,100,0.0755157,94.78853059,0.132589731,20.5723682,4535.077113,35614.30992,36926.91669,0.3,2.1,10400,90.58,18.5,83.5,6,11.52,0.6,22.97,0.293459213,0.16174,51,3.849699974,10.29905,17.0901,5.211469635,3.38807,11.5760112,45.95831243,10.08687665,2.9
Belgium,21,0.890262992,33.14,6.709,-1.235474144,8.849398302,2.072259342,107.6561463,1.68,6,100,-0.6228033,70.09410307,0.063306857,24.41504005,454.6038686,40607.25903,41187,1.6,3.5,7684,85,28.9,80.8,6,11.27326393,2.7,29.93,10.45827054,13.48664,108,6.548860073,11.18614,11.20289,28.26372474,2.23621,42.3809524,35.213436,24.85708465,4.4
France,22,0.888107437,31.69,5.736,-1.566449324,5.185410609,10.40893278,105.0137245,1.7,4.8,100,0.2309128,49.1095992,0.08838641,24.12495322,2453.251048,37154.44504,38056.35627,1,3.5,84700,83.75,30.53333333,82.2,12,11.13314915,2,31.8,3.89500861,2.425216667,98,5.67538023,11.66171,17.81514,52.41154415,2.26264,25.7297297,24.63749388,21.38624496,4.2
Austria,23,0.88502726,30.04,4.126,0.43641002,7.769983423,3.255795278,107.9506626,1.43,5.9,100,3.644082,67.07715227,0.05284976,19.82821038,376.0309686,44375.79243,43869.2871,0.9,3.2,24800,81,29.13333333,81.4,4,10.83443082,3.5,48.3,2.746283105,0.26172,98,5.795760155,11.03413,10.82489,32.17653329,2.83639,30.3278689,23.719648,18.26718464,3.9
Finland,24,0.882727787,27.79,9.211,0.477135982,10.1640461,1.45752605,107.8903288,1.6,6.2,100,-1.981359,43.03976228,0.074720064,24.94126879,211.2973284,38845.65513,38694.76981,1.6,2.1,4226,92.38,43.5,80.8,4,10.286,1.8,29.05,0.045135256,0.44827,58,6.761050224,9.399151,13.55949,47.50230415,3.54823,42.5,14.79069522,20.00110514,2.6
Slovenia,25,0.88028084,24.87,0.617,-0.32720268,7.504259702,5.808080803,106.2947129,2.21,9.4,100,-0.8724494,66.58565479,0.016422272,20.35019907,56.81950556,27575.80528,27852.1462,0.7,2.3,2259,71.59,41.16666667,80.4,7,11.89249992,2.1,25.16,8.357202003,1.17471,66,5.680540085,9.159823,16.78039,34.51116942,2.79952,27.6923077,10.41415681,17.54166544,2.9
Spain,26,0.876124307,35.75,10.624,1.677077353,5.790764234,34.23471211,107.2095415,2.01,8.4,100,3.224387,75.88553837,0.095356027,19.46451566,1473.889627,31596.37973,32044.86286,0.8,3.6,60700,76.19,30.53333333,82.6,4,9.58190918,2.6,36.95,1.442600197,2.85256,147,4.978519917,8.87926,12.60121,24.88700562,1.30142,37.987013,20.07158339,7.078465974,4.2
Italy,27,0.873022984,35.52,3.957,0.632018178,6.702557614,22.58301665,107.1577369,2.01,5,100,0.6106765,83.7224112,0.067627166,19.44624264,2044.263295,34167.23968,33030.22947,0.9,3,47700,61.96,31.9,83.1,4,10.10184065,3,40.92,2.240151714,0.66545,106,4.294929981,9.090887,10.32595,13.94140111,1.26572,30.0736067,32.75692457,22.37408508,3.6
Czech Republic,28,0.870090821,26.39,4.906,0.140678042,10.43108813,1.269616625,106.8101029,2.27,10.7,100,2.397992,76.85396676,0.09142376,19.6263576,294.171297,27959.14952,26660.2795,1,2.9,9004,79.71,58,78.6,5,12.32,3.8,36.24,4.17447788,0.74861,154,4.507180214,7.243968,18.97433,26.50510932,1.88148,18.86121,14.49787125,13.44907879,3.6
Greece,29,0.865187181,34.74,11.859,3.316240538,7.556057769,20.13943619,103.9151459,2.55,11.2,100,1.215958,90.57958761,0.146384924,19.99144915,270.7278879,24539.50679,24524.14614,1.7,3.7,17900,63.21,30.46666667,80.9,5,10.26,0.9,43.8,1.105954561,5.58273,111,4.091110229,9.821956,9.19747,8.830121422,0.69038,21,19.02469903,22.40994006,4.4
Estonia,30,0.860835015,32.69,16.779,0.414732113,14.04988252,5.071770338,112.1508859,2.76,7.4,100,3.876924,88.1469609,0.163770231,19.10821397,33.29018418,25132.02672,25214,5,2.7,2868,84.24,31.33333333,76.8,11,12.48,0,32.61,4.952708207,3.02146,238,5.156990051,5.723605,11.54548,14.59279722,2.18191,19.8019802,8.943229634,16.25075411,3.4
Brunei,31,0.855615865,29.00333333,22.99,-3.083944113,23.96785089,-8.86198547,102.8821973,2.95,4.7,76.2,5.555164,99.99556393,0.064252439,18.31458946,29.02520039,69474.17897,72570.12794,2,8.4,225,68.77,39.46666667,78.8,27,8.77,0.8,14.98,3.783812986,3.63081,122,3.765949965,2.524611,10.15195,0.004488255,1.063446666,23.17225507,20.81095385,13.99083042,9.9
Cyprus,32,0.849745435,28.53333333,5.473,2.897486249,6.736166081,7.579143356,105.3347412,2,12.7,100,2.770419,94.89409483,0.123879164,19.70226167,23.77287188,27393.93981,28632.73467,2,2.8,2405,69.33,41.16666667,80.2,10,11.61928463,6.2,22.86,11.39887176,4.73259,106,7.242579937,7.365529,13.77462,5.105820709,0.46726,12.5,26.49547962,25.49124728,3.6
Qatar,33,0.849768365,29.95,9.522,-1.458735669,43.89303638,2.963996994,107.0699038,1.75,6.3,97.7,-0.4135036,100,0.524097864,12.86845544,276.6406968,127562.199,123124.3596,1.1,7,2611,91.49,38.3,78.2,6,9.070602417,48.8,77.39,0.075308091,2.26042,60,2.448339939,2.187261,9.92245,0,1.063446666,0,40.24133283,14.65495096,8.2
Andorra,34,0.844641908,29.00333333,23.67466667,0.007011878,6.310640211,2.94E-09,106.4587666,1.58,6.3,100,-1.162423733,48.29271242,0.064252439,25.18935595,361.8304018,41064.7142,43977.79472,1.3,2.2,2335,95.9,39.46666667,81.294,4.666666667,9.58190918,2.9,36.97,3.608516567,6.118623333,38,3.088160038,8.073646,9.33028,40.88819695,3.113356667,50,29.96263452,20.68117263,3
Slovakia,35,0.843572119,26.58,15.872,0.414732113,6.367545917,0.618234413,109.1745662,2.6,9.2,100,2.198677,67.51150673,0.163628552,18.05663967,142.1922509,26263.34612,25845.28246,1.4,6,6235,79.98,27.9,76.3,7,12.22690128,0.6,30,9.126450539,2.04721,187,4.057260036,8.213588,14.94005,32.31149531,0.82315,18.6666667,10.29738593,12.17147055,7.2
Poland,36,0.842677828,32.78,12.156,-0.359477765,8.335786706,5.77577871,109.0833333,2.65,7,100,-0.8720853,90.68365019,0.137784128,18.14383665,881.4760216,22877.22387,23176.79665,1.2,4.5,15800,66.6,35,77.4,3,11.82433128,-0.2,21.99,13.18289451,1.46771,217,4.942180157,6.663034,10.18568,9.552269556,0.89972,22.1428571,13.40819598,15.98390736,5.2
Lithuania,37,0.839421883,32.63,10.612,0.414732113,4.537558514,11.8667495,108.5,3.5,5.5,100,1.551068,74.04694221,0.12468077,18.74671402,72.3735333,24482.6018,24500.31387,6.7,4,2012,72.13,37.6,73.3,11,12.38313007,-1.9,41.16,4.831083643,2.50047,329,5.172679901,6.237117,12.43042,14.48771072,0.90166,23.4042553,9.034585425,13.37784917,4.9
Malta,38,0.83897834,28.53333333,18.193,3.318951129,6.034321639,0,106.6518099,2.59,8.6,100,-19.37838,94.51428078,0.226573229,20.20054095,12.2023425,28827.92676,27930.29827,2.8,5.3,1582,73.17,16,80.6,9,10.33,2.1,34.95,7.976850548,5.53651,145,7.963749886,8.703942,11.45141,5.485719217,0.84241,13.0434783,33.13890294,27.01990192,6.1
Saudi Arabia,39,0.837273977,29.00333333,10.221,2.86598702,18.74082287,0,112.6951565,2.89,3.8,97.7,1.24226,99.99760143,0.284272279,22.13920617,1501.060624,52067.96605,52821.35798,0.8,13.4,13400,63.7,39.46666667,74.3,16,8.695222916,2.1,7.67,4.298975873,1.31228,162,5.13781023,3.164587,10.39186,0.002398032,0.07338,19.8675497,18.65662073,9.946080305,15.5
Argentina,40,0.835572018,43.57,54.354,0.978276676,4.665868631,-16.87868248,110.4485581,3.266666667,6.333333333,99.8,1.867905,89.66696697,0.375609704,15.50611267,192.6363302,22982.08336,22049.59416,5.5,11.9,5571,64.7,31.33333333,76.3,69,9.834001245,-0.5,31.55,1.681961183,2.90276,147,5.137589931,7.254919,16.33135,9.295287965,0.64696,36.7781155,8.895292956,14.48336098,13.3
United Arab Emirates,41,0.83546904,29.00333333,27.625,-3.771636299,19.99797997,30.37551018,102.6644428,1.58,6.3,97.7,2.606738,48.29271242,0.232171713,6.84261035,525.1324733,57044.57765,60868.33005,0.7,7,7126,90.4,39.46666667,77,8,9.4916875,11.4,19.3,1.875463572,8.04099,238,6.00911665,3.200764,16.06864,0.083458492,0.48911,17.5,21.41171644,0.355057935,8.2
Chile,42,0.832178477,50.84,55.285,1.880778148,4.58786833,6.834829327,108.3544928,2.62,7.4,99.6,7.308171,75.64296907,0.337591369,12.38565479,382.5948954,21714.03155,21290.1504,3.1,7.1,3576,72.35,35.7,81.7,22,9.786924362,0.3,10.24,1.147735835,1.33246,266,4.553850174,7.730832,21.15991,24.1646402,0.41722,15.8227848,30.36063148,19.04565896,8.2
Portugal,43,0.830095297,30.66333333,12.573,3.230429058,4.709849624,4.003502487,106.8199896,2.47,9,100,3.467122,74.91724082,0.110965715,18.95179627,267.7253099,25595.62863,25756.82103,1.2,3.1,8097,64.59,38,80.9,8,8.245105743,1.9,34.23,2.32020344,2.332123333,136,5.272130013,9.709223,11.73422,21.98440977,1.49533,31.3043478,22.15593652,20.34140631,3.8
Hungary,44,0.828350453,28.94,12.127,-1.06227674,4.862989931,12.85250601,111.7853974,2.43,5.8,100,-3.224301,71.12797344,0.208865905,19.8947513,226.7846956,22913.91693,22915.76394,1.3,5.2,10700,76.13,30.46666667,75.2,14,11.63608,1.5,29.6,17.11581302,1.9277,186,4.712250233,8.047233,10.48051,25.95742962,1.29664,10.1010101,15.93927527,22.86834823,6.1
Bahrain,45,0.823921957,29.00333333,13.785,1.295431545,18.13127841,154.2105266,105.6452213,2.24,18.5,97.7,3.006465,99.89143591,0.264862603,14.41489118,56.54303686,42444.27844,38598.50765,0.5,5.2,9163,91,39.46666667,76.6,22,9.419,3.4,9.13,3.608516567,2.19257,275,2.679059982,4.874988,11.76839,0,2.115216667,15,0.669771525,1.103893772,6.1
Latvia,46,0.81876601,36.03,13.522,0.414732113,3.786801437,6.440058888,106.7099567,2.86,7.9,100,2.845265,63.68715109,0.166647312,15.49680565,43.94125801,21824.56808,22280.51382,4.7,7.4,1536,75.83,26.83333333,74.2,13,11.47896866,-1,28.78,1.827870384,9.71279,304,4.934820175,5.712866,11.01496,33.84129734,0.65851,18,8.70806381,13.82147966,8.4
Croatia,47,0.817539869,33.61,12.736,0.414732113,4.801530011,4.058292614,108.0833333,3.16,2.7,100,1.016744,81.59593959,0.148889743,20.03665167,85.32247465,20063.1304,19409.48589,1.2,3.8,1.10E+04,68.57,26.16666667,77.3,13,11.02670097,-0.9,28.42,17.51373102,0.56046,108,4.206639767,7.303316,13.67519,10.56037134,0.75164,25.8278146,7.94347244,19.57715941,4.5
Kuwait,48,0.816271768,29.00333333,14.475,-0.437188097,29.13222464,86.57142844,111.1876076,2.6,3.7,97.7,1.048379,100,0.387314383,16.69808634,267.7037781,82357.82418,83960.61817,0.4,8.1,300,78.7,39.46666667,74.4,14,7.206958294,18.3,17.93,0.571024514,5.92846,137,3.760010004,2.887513,8.60512,0,0.094939999,1.5384615,0.588661037,0.716319146,9.5
Montenegro,49,0.802201007,30.63,15.2,1.495079444,4.145547583,4.95E-09,109.1027397,5.58,9.1,100,10.11055,60.19394832,0.171092217,19.84297328,8.793527066,14151.5411,14558.13363,2.7,4.9,1324,61,37.93333333,76.2,7,11.15878201,-0.8,19.79,8.009565697,19.5014,208,5.420013348,6.48702,20.16643333,28.41315707,0.40864,17.2839506,38.56999344,29.91221769,5.3
Belarus,50,0.798366518,26.46,20.599,1.495079444,6.682510398,11.88426797,288.6468125,5.29,6,100,3.13222,90.3702399,0.150727081,14.17670122,161.4384492,17054.55833,16676.09012,5.1,3.7,137,59.02,27.43333333,71.3,1,11.97681,-0.2,37.56,4.707380287,1.33186,335,5.121059895,6.067956,15.36216,5.880189701,0.7006,30.1204819,3.453266576,15.14021071,4.9
Russia,51,0.797870201,39.69,25.727,0.414732113,12.64732823,0.11203485,121.634714,4.3,5.2,100,3.369634,91.02143331,0.275847763,19.54526457,3381.460583,23564.20808,22352.04535,9.2,8.6,30800,70.52,24.33333333,70.1,24,11.95319462,1.5,43.09,3.066265131,3.40296,475,4.101749897,6.547179,19.59062,9.198517206,1.11802,14.516129,1.900396289,15.05567485,10.1
Oman,52,0.793019477,29.00333333,10.615,14.47818926,21.44112651,0,108.4330591,3.28,9.2,97.7,2.041126,100,0.275345016,19.18973612,147.5806,44532.45487,34857.71384,1.1,9.8,1551,70.22,39.46666667,76.8,11,7.997653484,59.2,22.23,5.781896228,6.43695,61,4.200369835,2.598879,19.90897,0,0.132489994,9.5808383,2.625672582,2.574359766,11.4
Romania,53,0.79279742,27.33,30.955,-1.099266257,4.210560124,4.00945187,113.671108,3.7,4.3,100,2.166231,77.66806279,0.333006004,6.20503882,363.3432065,18200.30216,18107.95704,1.7,10.5,8019,54.08,28.5,74.7,33,10.77712727,-0.4,23.86,13.48939393,5.95006,155,3.07336998,5.33907,17.56015,22.76655523,0.48898,11.9507909,18.38842692,18.83897033,12
Uruguay,54,0.792762977,41.32,58.314,0.378659219,2.297642136,99.30434783,126.8667402,3.14,6.4,99.5,5.006598,57.01283323,0.312820492,13.84649868,64.61771282,18965.81654,19283.48112,7.9,9.5,2683,61.46,27.43333333,77.2,14,8.451206207,-1.8,37.36,5.666597365,5.25636,281,4.422180176,8.752842,13.79403,42.111563,0.43051,11.5384615,18.37414814,19.2965834,11.1
Bahamas,55,0.78995806,30.74666667,28.463,-3.397831439,5.205237886,-1.94E-09,105.6243584,1.62,5.4,100,4.53981,79.8069922,0.297899288,16.05748219,8.497705899,22517.99514,21336.42051,29.8,10.4,1364,76.92,26.83333333,75.4,37,10.94454861,5.2,28.18,4.108517131,10.5001,444,4.843226751,7.263478,14.1453,30.14685702,0.66356,16.6666667,12.29293935,15.53285071,12.9
Kazakhstan,56,0.787982452,28.56,29.946,0.414732113,15.81009754,-3.629456484,120.5365732,3.266666667,6.333333333,100,4.199878,98.9442786,0.267227654,10.30288648,382.7771613,22466.73406,20867.35416,7.8,14.6,4926,54.89,31.33333333,69.4,26,11.42,0,35.83,23.53101382,0.72375,295,3.060719967,4.255974,16.48238,0.968619019,0.15723,20.1298701,9.179751775,15.7965865,16.3
Barbados,57,0.785458413,44.77,48.387,3.70657025,5.556376063,-2.57E-08,116.4568031,2.39,5.4,90.9,12.20436,66.89770962,0.357040191,16.14731884,4.332917507,15298.71552,12487.58331,7.4,13.3,509,76.67,30,75.6,52,10.45693616,1.4,18.11,18.2378865,6.62534,521,5.610380173,6.780835,13.08663,8.337838201,0.269913333,19.6078431,31.64253784,25.24936061,14.4
Antigua and Barbuda,58,0.783367264,41.94666667,49.263,-0.622743002,5.823804338,-4.854368935,108.0834972,2.63,8.566666667,90.9,11.18527,66.92028465,0.259417903,18.47613929,1.831490875,20353.29082,20070.32342,11.2,7.7,244,64,46.9,76.1,30.66666667,9.2361755,-0.1,23.77666667,15.15558735,8.67793,403,2.554709911,4.866675,13.84503,11.01627062,1.539136669,25.7142857,11.95484071,18.57519236,9.3
Bulgaria,59,0.781675314,34.28,35.857,-0.230997039,6.71438251,23.666496,108.2542145,3.19,5.9,100,3.464894,75.03975955,0.211593764,16.50763779,114.0261092,15695.01779,15596.02718,1.9,10.1,6898,55.49,27.43333333,74.2,5,10.56554948,-1.4,38.12,7.819417614,3.06135,151,3.820930004,7.626268,17.41818,29.35964705,0.63924,20.4166667,14.62378319,18.95727582,11.6
Palau,60,0.780181065,38.66666667,69.189,-0.273601958,10.85543046,-11.29991554,117.1664248,4.906666667,7.966666667,59.3,2.307287,74.65682439,0.359146799,15.88481534,0.305648279,14611.7353,13495.87476,3.1,15.1,105,54.96666667,21.1,72.686,86.66666667,12.32727758,0.5,13.81,18.52812418,5.197406667,295,6.315153281,9.887833,21.31281333,9.430907525,0.433166667,10.3448276,36.95234025,26.0315966,17.5
Panama,61,0.779677597,51.9,78.531,1.894181178,2.5843538,-14.88924051,116.415564,2.95,2.1,90.9,11.84859,79.70988459,0.453917873,9.99546846,72.62086671,18793.39333,18191.98793,17.2,15.4,1658,44.92,27.43333333,77.6,85,9.347121239,1.5,15.54,4.128047267,8.39036,411,3.29343009,7.21292,25.48506,20.15453963,0.19519,19.2982456,17.81020034,15.92204719,17.9
Malaysia,62,0.779245824,46.21,5.676,5.871119803,7.847738104,-9.356453348,107.1166667,2.91,4.3,100,3.698655,94.47991174,0.209,13.55006876,671.2875607,22589.37145,22762.13945,2.3,7.2,25700,67.5,37.56666667,74.7,29,9.964879036,3.1,11.98,1.242853564,0.88035,132,5.940680027,4.027421,12.13758,5.479303009,1.06529,14.2348754,52.04076725,16.09883752,8.5
Mauritius,63,0.776552444,35.9,30.898,5.448620232,3.127070817,-9.690721636,114.5552413,4.9,11.7,100,2.167676,76.69909118,0.418769432,14.40304947,21.58059136,16647.79867,17469.7784,2.8,12.5,993,41.44,27.43333333,74.4,73,8.542904854,0,10.57,10.19461864,4.19319,202,3.6738801,4.821519,19.79263,10.25069779,0.37229,11.5942029,17.94742864,18.99047508,14.3
Seychelles,64,0.772459367,65.77,56.255,8.485699417,6.835706362,0,114.6243636,6.65,7.2,100,12.30531,75.51462601,0.1845653,25.5840881,2.122207018,23798.76216,23300.30542,9.5,12.2,230,54.26,43.76666667,73.1,13.66666667,9.4112,-3.4,15.13,3.662937027,15.12106,709,3.627640009,4.032539,12.55556,18.71848958,0.30209,43.75,27.87776229,31.2092615,14.2
Trinidad and Tobago,65,0.771893819,28.53333333,34.805,4.496099243,37.18763962,-6.539260485,120.812086,4.04,16.5,99.8,6.95025,99.93253108,0.371436093,9.50726523,39.52285223,29469.35299,26089.9511,28.3,19,434,65.1,41.16666667,70.4,84,10.88346335,-2.2,11.75,8.236260657,10.61263,281,6.026703358,5.29355,17.57943,0.067468916,0.04348,24.6575342,49.59734804,28.2583576,21.3
Serbia,66,0.771149777,29.65,16.872,2.709606612,6.799114997,21.39213141,128.4622384,3.96,8.5,100,4.337332,89.08806084,0.175585707,19.55793478,92.36354531,12892.77704,12190.43399,1.2,5.8,922,53.5,26.2,74.9,16,10.46026516,-2.1,21.14,18.5369546,0.78248,142,0.060529999,10.59735,15.15704,11.05965253,0.9868,34,7.59578147,19.72139285,6.6
Cuba,67,0.769011135,47.08333333,43.085,1.287815574,3.185683146,44.10637184,110.494156,3.38,6,100,4.879291967,86.7186097,0.355911775,37.86710322,211.9468631,18796.19252,7301.039053,4.2,5,2829,30,46.9,79.4,80,11.51362,-2.5,67.23,16.97609076,4.20672,510,12.83726978,8.810774,9.06109,13.28139924,0.41934,48.8562092,17.41251749,20.70166334,6.2
Lebanon,68,0.768897837,37.67666667,11.978,3.316924672,4.674540418,4.625954161,111.8819224,3.183333333,5.433333333,100,6.829242,95.52014106,0.384790712,14.72341449,74.26113575,16622.93548,16509.27721,2.2,7.8,1274,74.7,27.43333333,79.3,16,7.917283708,21.3,32,1.228701222,6.71228,118,2.572679996,7.174523,12.04695,3.342120984,0.42791,3.125,19.01218398,15.48357987,9.1
Costa Rica,69,0.765746905,48.61,60.794,2.881564228,1.655602109,3.37753511,115.3331981,3.24,7.6,99.5,6.518283,48.26391813,0.349238581,17.93139451,65.43681041,13430.74321,13413.37683,8.5,8.4,2428,49.41,60,79.4,38,8.367648125,2.7,11.13,1.337190054,12.27982,314,6.866449833,9.868729,16.42801,51.80445878,0.47641,33.3333333,15.07130361,13.64160141,9.6
Iran,70,0.765590711,38.28,31.614,2.888831653,7.777322503,0,213.9536482,4.47,13,100,0.8267577,99.51631123,0.514622127,11.17889894,1168.681422,15090.04722,15439.80435,4.1,14.4,4769,39.35,27.43333333,75.4,23,8.17,-0.8,8.9,25.10922472,3.82423,284,3.679909945,6.688835,25.65459,0.686866501,0.7488,3.1034483,19.34767938,8.448795853,16.8
Venezuela,71,0.7622524,44.77,83.222,-0.266530597,6.400457516,-12.15968939,214.6947406,4.52,12.8,100,1.606266,88.85243796,0.475898794,12.19195867,535.5755048,17614.59821,16158.95596,53.7,12.9,986,57,27.43333333,74.2,110,8.896468623,0.3,19.39,1.871314101,4.87667,161,6.874670029,3.445115,17.56734667,11.1780688,0.42791,16.969697,21.46414258,15.51372892,14.9
Turkey,72,0.761120293,40.04,30.923,4.201025103,4.391547759,19.54132233,124.6263079,3.79,12.9,100,1.559719,89.50950558,0.358838355,15.05241995,1398.252884,18660.13082,18677.13032,2.6,16.5,37800,51.04,19.7,75.3,20,7.560710907,0.9,17.11,5.494165807,9.97535,179,2.862469912,5.59013,20.13204,10.27687166,0.85952,14.4160584,17.58913991,20.37734274,19.2
Sri Lanka,73,0.756658911,36.4,16.898,3.051562374,0.72992084,-22.09361703,122.69845,6.88,8.3,88.7,1.362821,48.65767072,0.369751852,13.11169063,193.0673788,9425.737383,9778.605247,3.4,8.2,1275,25.8,38.4,74.9,29,10.8,-3,6.8,21.06065205,3.42509,132,1.72397995,3.244492,24.4299,51.34233888,0.15664,5.7777778,16.18009045,11.99320157,9.6
Mexico,74,0.756207912,48.07,63.39,1.942618956,3.908712496,-8.250558388,111.7569034,3.74,4.7,99.1,3.338323,90.10370985,0.37281121,11.8729031,1992.894187,16290.8126,16055.96891,21.5,12.5,24200,44.39,46.7,76.8,49,8.468326569,-2,20.95,3.835616876,4.24733,210,5.14620018,6.237916,28.01636,9.855558511,0.42869,37.1019108,21.91630459,16.46192958,14.5
Brazil,75,0.755291956,52.67,70.794,2.702940361,2.231257237,-10.38652562,119.3673758,2.61,4.4,99.5,3.599945,54.56668309,0.456865874,21.97252114,2916.284287,14555.0822,15174.96721,25.2,12.3,5813,57.6,38.8,74.5,69,7.66,-0.2,18.91,7.858502737,19.37534,274,5.822249889,9.66039,20.51712,44.2481259,1.20964,9.5959596,26.51247273,15.42163032,13.7
Georgia,76,0.754118641,41.35,46.799,3.563738895,1.769150524,-1.504857851,106.9685008,6.453333333,7.5,100,5.925159,72.80037418,0.381596771,16.6820472,31.09760348,6946.235896,7164.025639,4.3,11.7,5392,48.9,9.1,74.9,41,12.11,-5.8,42.36,1.913552467,0.17955,225,1.983309984,9.432717,9.09457,28.29928347,0.17658,11.3333333,35.24127965,24.11828496,13.1
Saint Kitts and Nevis,77,0.751862282,30.99666667,47.91466667,7.281411532,5.053538729,-4.73E-09,109.3671115,2.86,6.333333333,90.9,14.46589,83.19251088,0.25356237,19.22478643,1.122260759,20709.35689,20804.81384,33.6,7.8,107,65.4,27.03333333,73.77,9.333333333,8.387379,-1,11.67,4.067282679,7.1777,714,4.225759983,6.27812,14.51688,27.27768335,0.487103333,6.6666667,9.79660609,20.19043068,10.2
Azerbaijan,78,0.751139174,33.03,40,1.495079444,3.647379147,0.667811936,111.584763,3.183333333,5.433333333,100,3.56093,97.86252765,0.303000337,11.21798982,156.2547565,16593.54647,16427.91563,2.1,29.9,2130,61,15,70.8,26,11.16,0,34.32,3.836667227,1.81357,413,2.435640097,5.579734,11.92302,2.600981728,0.21084,15.5737705,13.59231031,12.95582924,34.2
Grenada,79,0.74999318,38.66666667,35.358,5.440902645,2.408045758,-1.00E-08,105.4707113,3.35,7.966666667,90.9,8.938494,74.65682439,0.359146799,16.8113622,1.193647527,11271.77849,10939.006,13.3,10.7,116,37.38,21.1,73.4,23,8.552604,-8.1,6.63,25.04112007,5.827973333,424,4.270226558,6.338721,16.05523,11.60086133,0.25696,25,16.89794091,18.66941695,11.8
Jordan,80,0.748328542,33.69,26.473,4.109045125,3.601147064,-0.608245108,115.370623,4.5,6.1,99.5,5.340056,95.9918514,0.473382155,19.65322914,73.67461303,11406.50457,11365.21619,2,16,3945,44,23,74,50,9.908419609,11.3,25.58,22.01130952,2.10094,95,4.773786545,7.22403,19.93241,1.997031829,0.4347,11.5555556,13.61810735,15.25758585,18.7
Macedonia,81,0.74725286,44.2,18.256,2.709606612,4.437580862,11.35818828,110.3393379,5.08,7.9,100,4.055383,82.14660415,0.163635459,17.52832929,24.46193184,11608.96897,11780.04468,1.4,5.8,400,68.06,38.4,75.4,7,9.2592,-0.5,26.24,7.106265579,2.50694,122,3.178513368,6.444246,15.15012,10.43938319,0.21793,33.3333333,10.67469354,16.70596473,6.6
Ukraine,82,0.747005221,24.82,25.671,2.015616367,6.262351962,5.213556868,108.2599837,5.23,3.9,100,2.541275,79.63188173,0.28644056,19.3599559,387.0261895,8508.014787,8178.067935,4.3,8.6,24700,43.4,18.3,71,23,11.34,-0.2,35.31,6.225041002,0.64571,305,6.661180019,7.771187,16.48785,20.71150765,0.73662,11.8483412,11.80775024,18.23127637,10
Algeria,83,0.735623767,38.81666667,10.033,3.762173496,3.22420156,-11.55368916,117.5218381,5.11,5.5,100,0.8037201,99.88756809,0.413117859,18.90485754,505.5089905,12892.94249,13054.30628,0.7,21.6,2634,18.09,29.16666667,74.8,89,7.611,-0.3,12.07,28.83718384,7.23248,162,4.33701992,6.635026,23.15942,0.141610925,0.06604,25.7425743,60.20229892,37.36184931,25.2
Peru,84,0.734203129,45.33,50.748,0.922824211,1.791964427,-3.512172872,110.1653876,3.87,3.4,91.2,4.595051,75.98294021,0.405915232,11.19202014,346.1753476,11396.49302,11015.23763,9.6,12.9,3164,40.2,38.9,74.6,89,9.013469696,-2,11.32,0.738200294,26.11487,202,3.277960062,5.317889,18.08394,24.01455763,0.545293333,22.3076923,33.95868642,16.54473209,16.7
Albania,85,0.732765803,28.96,15.297,-0.280486216,1.60703771,-1.898605839,107.5972351,6.43,10.3,100,9.701772,60.52689585,0.217395947,10.68921529,28.86049099,10405.35149,9942.855635,5,13.3,2857,60.1,43.76666667,77.8,21,9.255580902,-3.2,11.45,5.739703969,1.33296,158,3.268680096,5.882328,19.12103,26.56383378,0.15308,20.7142857,18.68343126,19.63069867,14.9
Armenia,86,0.732982583,30.3,27.118,3.563738895,1.67383608,-26.89075611,116.7987006,8.87,11.9,100,3.548608,71.54126243,0.317574186,14.46393506,22.40412537,7526.836419,8123.557691,1.8,14,1084,46.3,9.5,74.7,29,10.87,-3.4,26.87,9.577000408,4.38289,164,2.250149965,4.519753,19.3076,32.66394123,0.27014,10.6870229,21.31431815,18.65348248,15.6
Bosnia and Herzegovina,87,0.732530326,33.04,15.108,2.709606612,6.185334807,-1.131221712,105.7083333,4.82,6.3,100,1.764679,93.91646937,0.200654239,22.76307955,35.94704519,9387.350031,9637.776782,1.3,5.7,529,60.8,46.9,76.5,8,8.3262129,-0.3,16.94,6.088298586,17.22785,78,4.800336758,9.625997,17.09921,7.888293396,0.02171,19.2982456,6.710965858,20.86616416,6.6
Ecuador,88,0.731674443,46.57,77.032,3.922678498,2.34333293,-23.60336345,112.8105507,3.39,5.7,97.2,0.7674718,86.28549413,0.407268764,14.09402289,165.8875797,10540.65737,10604.89264,12.4,19.1,1364,43,46.3,75.9,87,7.585,-0.4,16.87,1.640018639,11.0995,149,4.358260155,6.395048,18.70906,12.86325172,0.22779,41.6058394,19.56784992,17.55778296,22.5
Saint Lucia,89,0.729056449,51.73,56.309,4.202712436,2.270512241,7.305936071,108.6387228,3.44,12.3,90.9,6.25223,61.19161188,0.38605805,14.81770831,1.850350309,10151.53264,9764.840456,21.6,12.7,319,51,31.23333333,75.1,34,9.344302952,0,4.73,13.26317819,10.42671,317,4.700260162,8.5,16.66479,26.75522448,0.1682,20.6896552,27.12657469,23.04105473,14.5
China,90,0.727494941,37.01207517,8.551,6.534991351,6.710301991,35.1580446,111.0535416,3.25,8.1,100,3.764487,88.30257161,0.190685514,14.05973594,15643.21744,11524.56751,12547.03385,1,10.9,55700,49.3,31.23333333,75.8,32,7.54,-0.2,14.56,8.572817355,24.34323667,121,6.303089937,5.567502,18.20779,11.737611,1.98305,23.6228456,24.90310597,10.63619518,12.7
Fiji,91,0.727135774,42.83,42.847,1.145220192,1.423838114,7.125616533,115.6508393,5.13,8.3,59.3,4.104073,71.43402406,0.4181164,15.04924022,6.609582607,7501.81043,7492.511041,4,20,658,41.8,20.13333333,70,59,9.91218949,-6.6,4.26,12.54184593,3.49117,174,4.19645977,4.131533,27.99728,45.96556421,0.218356667,14,32.48737553,23.18702332,23.6
Mongolia,92,0.726620589,36.52,18.706,3.726992257,6.927361359,-14.37460115,136.7223215,4.78,16.7,89.8,18.6768,95.3736789,0.325352696,11.27385132,25.92728255,9132.305704,10729.38361,9.7,26.4,418,27,46.9,69.4,68,9.28,-1.1,27.63,31.46142946,9.10258,287,5.476170063,6.009265,27.58707,4.068468111,0.27392,14.8648649,11.558678,18.23573188,31.8
Thailand,93,0.725836139,39.37,41.004,8.019704151,4.556738121,-2.800143241,109.2750063,4.52,2.8,100,3.26654,80.43860057,0.37961973,13.81211913,933.5776805,13931.81147,13322.89654,5,11.3,26500,34.89,43.8,74.4,26,7.322291851,0.3,3.93,16.95396776,17.41154667,398,7.568950176,4.57427,16.28069,18.9091144,0.25056,6.0913706,36.23018006,16.50216084,13.1
Dominica,94,0.723788309,40.34666667,69.189,5.214938385,1.74616602,-11.8,103.7286326,4.113333333,5.433333333,92.7,3.467566,63.67490929,0.341457284,19.06810036,0.720848345,10011.36543,9993.854762,21.1,10.2,78,62.86,41.23333333,77.763,63.33333333,7.85923,-1.633333333,15.9,3.208362467,13.56978,391,5.071229935,5.950643,14.84121,42.84408733,0.226733333,21.875,16.17312073,21.77697842,11.4
Libya,95,0.724464011,37.67666667,2.523,-2.831748776,6.39342247,0,125.7112887,3.27,4.733333333,100,0.9460977,98.73854426,0.134026357,9.3,126.3325326,20371.21741,14910.916,1.7,12.4,34,17.76,27.43333333,71.6,15,7.31,-7.7,19,8.458206104,3.391103333,81,5.681360007,4.298793,17.56734667,1.289179297,0.42791,15.9574468,14.64319771,15.37917316,14.5
Tunisia,96,0.721191132,35.79,4.602,3.916208279,2.402455639,61.55520996,115.9833549,3.86,4.7,100,2.252695,85.25248663,0.240428433,18.9775771,117.2219311,10767.64168,10404.49747,2.2,13.1,6269,46.16,27.09,74.8,46,6.837558,-0.6,12.22,36.70917595,5.86855,199,6.223509789,7.079837,17.43043,14.7746606,1.10218,31.3364055,26.69232361,21.03704878,15.2
Colombia,97,0.7201704,53.53,68.537,0.468712931,1.538341298,-3.55411955,108.8551742,2.74,4.5,97,4.280588,75.59274364,0.428534838,16.7009108,581.0835168,12025.38537,12040.24866,30.8,14.5,2288,52.57,37.4,74,83,7.349983663,-0.5,14.71,2.008246565,15.28811,245,4.929749966,6.811924,24.77293,24.824841,0.17267,20.8955224,19.73047854,13.24817963,16.9
Saint Vincent and the Grenadines,98,0.720035388,42.74333333,54.508,6.338599005,2.179604415,6.166007908,106.7196293,3.4,4.8,75.9,17.86615,63.67490929,0.44101636,18.49840683,1.110582627,10154.08398,9937.269491,25.6,17.2,72,56.48,43.76666667,72.9,45,8.621687,-9.1,5.25,7.522704362,31.42725,376,5.083330154,5.2,15.29101,21.04535164,0.438823333,13.0434783,24.51923077,23.00309399,19
Jamaica,99,0.718529602,45.51,70.057,0.233537961,2.872655693,-2.420197338,125.6885016,4.96,7,92.6,4.635752,82.09958938,0.429960658,16.31390074,23.367069,8606.65525,7414.602613,39.3,14.3,2008,40.5,35,75.7,80,9.67,-5.8,4.11,3.322202329,13.92094,152,6.256199837,5.816326,21.27636,17.90044324,0.396863333,16.6666667,32.98157006,27.06831253,16.6
Tonga,100,0.717040729,34.56333333,18.11,3.852359338,0.98203799,0,108.3161666,5.99,6.866666667,95.9,2.487887,71.43402406,0.665646201,18.89634252,0.540734289,5134.057037,5069.128017,1,10.4,45,40,26.2,72.8,120,10.71,-15.4,5.63,10.92553271,9.60885,150,6.246693373,4.711185,21.10539,49.7056996,0.222716667,0,25.41984239,11.40727016,12.1
Belize,101,0.714982235,42.74333333,71.395,1.8326783,1.739123561,-13.37957125,98.2421612,3.03,27.9,100,5.496886,63.67490929,0.425749675,15.13577358,2.726443567,8214.653713,7613.90541,44.7,14.3,294,38.7,43.76666667,70,45,10.48802948,4.6,8.28,1.137657011,9.08946,476,6.613369942,5.428263,22.57321,18.71495684,0.201196667,13.3333333,28.72403378,22.64082239,16.7
Dominican Republic,102,0.715028472,45.68,99.588,3.757905618,2.156995478,-4.90E-09,117.9004948,4.09,5.2,98,2.615441,89.34778942,0.477340658,10.06587683,122.7172568,11795.47058,11882.70471,22.1,23.6,4690,49.58,17.2,73.5,100,7.56,-2.7,14.9,7.011500275,8.86127,240,3.776200056,5.398474,23.6279,10.65222412,0.534306667,19.0697674,20.4912907,12.22695352,28.1
Suriname,103,0.714286152,44.77,35.198,-0.583599456,3.606356451,-0.170546835,125.9829191,6.23,9.7,100,2.594241,66.89770962,0.462565405,23.34260204,8.388892675,15555.84279,15617.28475,6.1,20.3,249,40.08,37.93333333,71.1,130,7.651408672,-1.9,9.11,9.0712219,9.65164,186,6.263156653,4.757322,13.29948,25.55878749,0.406703333,11.7647059,31.88838259,19.41865457,22.8
Maldives,104,0.706365292,37.37,4.177,2.983660683,3.324959935,0,129.4445161,3.51,14.2,100,15.68874,74.65682439,0.242668969,16.798533,3.892830666,11282.81496,12328.39411,3.9,8.4,1125,49.28,28.4,76.8,31,5.842967389,0,14.15,25.04112007,17.15262,307,6.194290161,10.80828,11.4094,5.637767785,0.534306667,5.8823529,2.825997411,15.49196761,9.9
Samoa,105,0.702093945,36.75,28.251,6.012901811,1.252143478,31.53846154,108.0086221,5.99,6.866666667,100,3.015218,71.43402406,0.457078377,17.09339857,1.063023316,5583.926819,5327.482686,3.6,15.5,116,21.2,75.8,73.4,58,10.31590441,-13.4,4.52,17.68113402,10.04949,228,5.773459911,7.507057,30.23604,45.96556421,0.218356667,6.122449,20.28933663,0.019541223,18.1
Botswana,106,0.697918743,60.46,44.225,1.495079444,2.443804075,-18.980901,123.4989648,2.93,3.6,53.2,1.275685,65.38325414,0.48007114,19.70085858,30.81559189,15246.6088,16646.22538,18.4,36.3,2145,18.5,27.43333333,64.5,170,8.87,2,3.36,22.03980842,7.02788,205,9.487380028,5.429467,25.41686,22.27092195,0.53286,9.5238095,23.86514357,27.12544315,46.6
Moldova,107,0.693302691,30.63,29.268,3.563738895,1.398821793,23.92484885,117.8300267,4.82,5.7,100,3.124867,94.89078533,0.248234141,20.30265571,16.08857881,4520.533524,5223.032475,6.5,13.3,11.5,46.6,24.6,71.6,21,11.1860714,-5.9,28.59,21.76888661,5.38253,188,8.348959923,11.80155,16.32995,3.389599987,0.40499,20.7920792,2.651185359,18.64492684,15.4
Egypt,108,0.689948655,30.75,42.965,5.090131833,2.78099524,61.81818264,129.0627973,7.47,9.8,100,2.041748,96.47622237,0.572610932,11.68083043,880.7512079,10733.48872,10512.42422,3.4,18.6,9174,31.7,33.7,71.1,45,6.55,-0.5,28.3,25.28531424,3.90231,80,3.760829926,5.060637,27.73437,3.702094749,0.42863,2.1802326,26.15481633,13.16432609,21.8
Turkmenistan,109,0.687520517,38.66666667,18,1.495079444,12.18367613,0,117.1664248,4.906666667,7.966666667,100,7.314064,74.65682439,0.359146799,8.85717012,71.02881519,13554.93115,13066.17115,12.8,46.6,8,12.2,21.1,65.6,61,9.87817,-1,41.79,11.13973264,5.197406667,224,3.049249887,1.972531,22.83623,0,0.344533333,25.8064516,31.55694472,26.03439251,55.2
Gabon,110,0.683512932,42.19,102.995,-2.936597418,1.403276216,-2.34E-09,104.4640947,5.22,21,89.3,4.425258,38.86509883,0.513689337,8.87489682,31.17134153,18646.36981,16366.92848,9.1,39.1,269,9.81,37.93333333,64.4,240,7.7998665,0.6,2.92,10.51435767,4.69927,196,5.4484001,3.814626,24.53098,61.13485109,0.58087,16.2162162,17.81020034,17.22368907,56.1
Indonesia,111,0.683759559,38.1406895,48.328,6.653505702,2.313292898,-21.49647813,116.9100201,6.73,10.7,96,2.688367,66.42315665,0.494013828,9.10661912,2312.362037,9254.42218,9788.425338,0.6,24.5,8802,17.14,3.07,68.9,190,7.5877435,-0.6,2.04,3.082433848,11.02493,59,3.567409992,3.068364,18.59225,33.5768443,0.08332,17.1171171,36.80345193,11.43072588,29.3
Paraguay,112,0.679164356,48.01,66.963,3.244556239,0.806136742,-18.58581085,115.245478,4.33,11.2,98.2,1.193061,33.80761819,0.471829477,12.05345426,53.28288012,7833.074002,7643.371463,9.7,18.7,610,43,46.76666667,72.9,110,7.703,-1.2,11.07,1.305423518,19.88428,118,4.966430187,9.005342,21.74149,145.1948765,0.05483,16.8,11.61428979,12.79424138,21.9
Palestine,113,0.677492609,34.46,45.836,3.563738895,0.572406877,0.99118942,119.4355675,5.99,6.866666667,97.7,1.594702,56.87910385,0.514762596,27.72221927,18.69787358,4484.433787,4699.154381,7.4,18.6,545,53.67,39.36666667,72.9,379.6666667,8.874298096,-2,9.633333333,3.690942501,3.52806,83.66666667,3.997853398,4.595399,23.5944,59.46381334,0.222716667,10.53696633,2.099094116,5.128366306,21.8
Uzbekistan,114,0.675466117,35.19,38.754,3.563738895,3.914921266,7.313628911,112.9236313,6.453333333,7.5,100,1.896272,98.17106922,0.514762596,22.43944485,151.2809963,5002.496479,5567.011781,3.7,36.7,1969,43.55,39.36666667,68.4,36,10.85709007,-1.4,23.81,26.97897036,1.92168,152,4.12481006,6.114993,15.6244,1.844778356,0.239776667,16.4,16.73630094,11.67963249,42.5
Philippines,115,0.668218346,43.03,46.785,0.713566888,0.862803677,18.33485541,111.2033195,6.84,2.6,87.5,1.346701,59.66794844,0.419593547,11.10484268,622.4590438,6326.216424,7915.198857,8.8,23.5,4681,39.69,23.6,68.2,120,8.882855,-1.4,11.53,2.203902366,24.22016,111,3.41,4.398341,31.43572,40.33204909,0.10963,27.0700637,42.08251162,12.88007698,29.9
El Salvador,116,0.665784288,41.8,75.979,3.36647746,1.068523404,-26.20689653,107.7947771,4.28,3,93.7,0.8114219,47.87002441,0.426899131,11.95015479,47.64903589,7515.082656,7349.48103,41.2,13.5,1283,29.7,26.3,73,69,6.514523029,-7.1,15.96,6.279650781,16.21072,422,3.417490005,6.945801,24.47664,51.9029622,0.03112,27.3809524,23.03128299,14.53287197,15.7
South Africa,117,0.665879394,65.02,50.862,1.009357537,9.257216472,0,117.1340801,3.04,6.2,85.4,2.217724,87.23932476,0.407089384,22.2363057,641.3763996,12105.55488,12122.31676,31,32.8,9537,49,25.19,57.4,140,9.943231583,-0.4,7.76,17.48040665,23.01407,294,6.233610153,8.93251,28.68789,12.94767276,0.7616,40.7488987,49.37560936,26.49669012,43.9
Vietnam,118,0.66571735,35.62,29.041,3.593963868,1.971889173,57.91367078,138.0052744,4.113333333,5.433333333,99,5.192835,71.04616896,0.307781334,6.15585579,459.7225447,5124.60352,5091.794902,3.3,19,7572,48.31,38.5,75.8,49,7.45,-0.4,11.59,8.006154137,5.50217,145,6.303110123,5.952436,18.88349,28.22798967,0.241756667,24.2971888,22.92032369,16.78054625,23.8
Bolivia,119,0.661830764,46.64,71.879,3.191720188,1.561355792,-9.896010835,121.4134042,5.85,12.2,90.5,5.717472,72.74845158,0.444295565,13.86783083,63.32704099,5934.387978,5760.078771,12.1,31.2,798,39.02,67.6,68.3,200,8.153532982,-2.4,4.73,2.02291192,3.26918,140,6.436910152,6.065052,24.21916,27.2515614,0.157,51.8072289,9.64106556,16.9648658,39.1
Kyrgyzstan,120,0.655273515,33.39,29.264,2.709606612,1.199591629,18.1339713,127.529306,3.906666667,5.366666667,100,10.48451,68.37992979,0.352807492,18.07639037,17.78688546,3109.867201,3044.232413,9.1,21.6,3076,28.3,46.76666667,70.6,75,10.58696477,-6.3,19.64,9.701585918,2.94636,181,6.79061985,6.671649,23.89988,39.38075084,0.15633,23.3333333,19.10663807,18.11668711,24.2
Iraq,121,0.653860839,29.54,68.667,1.813517167,4.208272413,3.332529726,114.3534281,5.06,16.4,100,1.243637,97.49666739,0.538845062,21.3,483.6001123,14471.47332,14003.21961,8,28,892,11.3,27.43333333,69.4,67,6.38,2.7,6.07,4.538329361,5.357976667,110,5.420013348,5.215143,16.95545,0.950543319,0.03378,26.5243902,38.56999344,29.91221769,34
Cape Verde,122,0.646240273,43.82,70.596,6.23088141,0.867122204,48.25259517,108.7509463,5.7,5.4,70.6,2.198833,71.43402406,0.373180782,18.52364207,3.098396304,6210.492955,6094.183166,10.3,21.9,503,40.26,16.1,73.3,53,4.683459,-6.9,2.95,10.92553271,8.59943,267,5.043610096,4.353161,22.56007,39.55255722,0.07264,20.8333333,23.25695735,17.79918314,26
Micronesia,123,0.639590169,61.1,18.556,3.563738895,1.240959545,-9.724267931,114.1411681,5.99,6.866666667,59.3,0.5982712,56.87910385,0.514762596,14.49403165,0.340236431,3285.752942,3432.116962,4.6,29.8,42,22.73333333,39.36666667,69.1,96,9.72106955,-15.7,1.77,2.207067377,27.23477,80,4.585523486,12.59384,35.39192667,80.46735958,0.25341,0,19.96425105,14.76540594,36.4
Guyana,124,0.635715749,49.99333333,88.484,0.088218435,2.253385461,3.88E-09,109.458413,3.38,6,79.5,6.706192,57.25897054,0.515278011,14.20481006,5.066308147,6335.9502,6521.655155,17,29.9,177,37.35,38.4,66.4,250,8.533,-8.2,2.14,20.38980809,7.81281,260,3.19404006,6.5,23.1645,52.30872002,0.408276668,31.3432836,30.12720924,14.33495715,36.6
Nicaragua,125,0.631432134,45.73,100.796,1.131874987,0.829634356,-34.1160833,124.1246121,4.54,6.4,77.9,7.508257,49.75543157,0.448547724,5.74763944,27.32424952,4493.766694,4456.540043,11.3,20,1229,17.6,29.3,74.9,100,6,-4,3.74,13.86883968,51.59073,153,4.39413023,8.287618,30.21638,50.33231749,0.453073333,39.1304348,29.96093267,14.84988903,23.5
Morocco,126,0.627953662,40.88,35.819,4.443174996,1.763531559,2.020202009,104.1421665,5.67,4.9,100,3.236758,93.59757676,0.524865831,18.96891696,233.928969,6967.259246,6850.140706,2.2,26.1,1.00E+04,56.8,44.5,74,120,4.369,-2.7,6.2,39.14927252,10.74566,220,6.590469837,6.01455,25.66659,4.109936685,0.7338,10.9774436,26.18518282,24.49246644,30.4
Namibia,127,0.627616308,61.32,54.912,1.986940832,1.251757065,-18.49349461,118.1839997,3.45,7.2,47.3,6.892199,65.96589372,0.400989233,27.58830406,21.36502706,9275.772989,9417.804268,17.2,35.2,1176,14.84,42.5,64.8,130,6.22,-0.3,3.74,28.47698286,15.53728,191,8.495189667,7.737475,29.77842,21.02450996,0.14441,37.6923077,32.61844535,23.10697741,49.8
Guatemala,128,0.627208788,52.35,97.224,1.919736565,0.765486709,-25.34540859,115.0207631,7.11,5.5,78.5,2.50966,33.51479654,0.533192438,10.47874166,109.2446582,7062.530675,6929.192667,39.9,25.8,1331,23.4,27.6,71.8,140,5.599730015,-1,9.32,9.108649332,33.27227,105,2.845129967,6.51574,25.54245,66.19495876,0.0481,13.2911392,29.42928658,10.83596051,31
Tajikistan,129,0.624455505,30.77,42.812,2.709606612,0.356149254,0.490196076,124.9484784,3.906666667,5.366666667,100,1.267174,42.90388492,0.357262848,11.74017642,19.95865398,2431.659069,2517.402532,1.6,40.9,208,17.49,58.3,69.4,44,10.35582,-2.5,18.99,10.47769525,2.01199,130,4.018030167,6.751992,22.3589,57.54488538,0.12148,15.2173913,17.54118711,15.55956919,47.7
India,130,0.608692727,33.60168037,32.799,5.21342449,1.698672693,7.483695382,131.9747419,4.68,8.4,78.7,1.501382,72.30027842,0.56286706,11.81270115,6558.732756,5238.020406,5497.498571,3.5,41.4,6968,18,35.4,68,190,5.39,-0.4,7.02,9.612465639,29.39690333,30,3.791949987,3.967993,35.15463,27.6368149,0.80602,12.2137405,44.83908856,10.65541396,52.7
Honduras,131,0.606054608,57.4,83.964,2.413885595,1.081709663,-39.13470993,118.1071672,4.76,4.8,82.2,5.762953,51.58722423,0.479580167,16.58802273,35.99641807,4445.271054,3937.700893,90.4,18.9,863,19.08,50.13333333,73.1,120,5.482227802,-1.2,3.72,15.04037624,30.34513,153,4.554250002,8.582866,33.87645,48.76114608,0.169443333,25.78125,21.61801215,14.71914187,22.2
Bhutan,132,0.605184588,38.73,40.929,14.18964911,0.769164648,32.09328635,129.194415,5.07,6.4,75.6,2.794894,71.43402406,0.457433789,17.50752074,5.403693318,7167.205809,7175.502908,1.7,29.7,116,34.37,26.2,69.5,120,3.01,2.7,2.59,0.054156879,21.14169,135,5.47713995,3.592283,23.9859,59.46381334,0.187246667,8.3333333,15.91263971,9.235527025,36.2
East Timor,133,0.594761079,30.41,52.205,3.563738895,0.16364808,-25.50724638,141.0501651,5.99,6.866666667,41.6,1.580266,56.87910385,0.491649247,85.7480315,2.343569932,2039.735075,5362.516358,3.6,46.2,58,1.14,39.2,68.2,270,4.424304,-13.3,0.73,2.207067377,16.44086,25,9.418680191,1.27311,31.35481,80.46735958,0.193126667,38.4615385,19.6298133,14.76540594,54.6
Syria,134,0.593720561,35.78,41.601,3.020273732,2.625979411,35.32550554,143.1999795,5.99,6.866666667,96.3,3.073775,98.67937811,0.532923592,12.30532266,66.11593559,3367.560709,2728.221373,2.2,11.9,5070,28.09,38.16666667,69.6,49,6.25,-13.7,15,33.29269157,6.83629,58,4.871970177,3.272049,31.78702,1.445403051,0.310746667,12.4,30.19284957,14.19468279,14.6
Vanuatu,135,0.593871205,36.75,44.811,0.727965912,0.591505431,-8.31E-09,103.7165923,4.113333333,5.433333333,27.1,3.980442,63.67490929,0.407348213,16.26320858,0.731742177,2894.973461,2802.654751,2.9,14.6,110,18.8,48,71.9,86,6.793013333,0,1.16,12.64982295,28.54799,76,5.012869835,3.852452,21.66442,53.54469329,0.243893333,0,22.08003591,15.98577738,16.9
Republic of the Congo,136,0.590621541,40.17,126.725,0.700517733,0.53199527,-1.492983892,111.5508198,6.29,18.8,41.6,14.47052,48.85030174,0.593448451,13.55084741,25.26357264,5680.229983,6011.708112,12.5,35.6,297,37.26666667,26.2,62.3,410,6.09,-2.1,0.95,0.104746831,29.70908,31,6.220789909,4.120718,44.442,51.00979841,0.239776667,11.5384615,4.134581355,5.946111597,49.1
Kiribati,137,0.590236957,39.27333333,16.607,0.727844712,0.628100756,0,114.1411681,5.99,6.866666667,59.3,5.326972,56.87910385,0.491649247,16.44027187,0.183852809,1796.297146,2433.506834,8.2,45.1,5.9,12.25,73,66,130,7.812116,-2,3.76,2.207067377,21.09494,114,4.585523486,10.07615,24.9969,80.46735958,0.25341,8.6956522,8.746804414,16.05420584,58.2
Equatorial Guinea,138,0.586560861,28.84666667,112.64,14.89952662,9.341683473,-13.84946237,120.7325114,3.266666667,6.333333333,66,12.28454,73.07550391,0.207105109,6.65328141,24.74304976,32685.06231,21055.95536,19.3,69.3,0,18.86,31.33333333,57.6,290,5.48047996,5.3,3.02,6.046997951,27.93064,95,5.336736679,3.470018,26.1669,9.715992285,1.04235,19.6531792,35.73133082,20.48102082,95.8
Zambia,139,0.585509863,57.49,125.402,-4.392004573,0.223509065,-6.94166667,121.3427317,10.1,3.2,22.1,6.751832,8.756977521,0.586813869,2.80376004,55.24015056,3799.540436,3734.033348,10.7,55.8,915,17.34,51.9,60.1,280,6.6,-0.6,0.66,4.629743815,44.51099,119,1.345360041,5.03094,47.94526,91.82536742,0.34033,12.6582278,47.9663724,15.96311448,87.4
Ghana,140,0.579090287,42.76,58.396,0.923798572,0.40613603,-36.77228787,132.464651,5.4,18.3,64.1,6.703779,37.37390732,0.553734019,16.62609154,100.0961642,3864.030789,3852.00413,6.1,52.3,931,18.9,44.5,61.4,380,6.999,-0.8,0.96,1.430711126,16.28634,54,8.14097023,5.390447,30.07899,63.12336837,0.37655,10.9090909,24.68342499,14.86587011,78.4
Laos,141,0.575044891,36.22,65.036,-0.463993631,0.184437676,-9.930691922,119.295099,8.62,3.6,70,3.795123,63.67490929,0.407348213,14.4641119,31.59661801,4667.340059,4680.085598,5.9,53.8,2510,14.26,50.13333333,66.2,146,5.00032,-2.2,1.82,4.108453348,26.66258,69,2.773869991,1.978438,25.59771,71.62274955,0.169443333,25,17.59639794,14.83200194,71.4
Bangladesh,142,0.570099974,32.12,80.589,2.709606612,0.373339091,-3.828647952,126.4430232,7.99,4.5,59.6,1.001162,71.52585831,0.503392283,5.11613254,446.8355404,2853.44774,3191.497765,2.7,33.2,148,9.6,53.3,71.6,170,5.073080011,-2.6,3.56,11.27111715,33.79904,42,2.233839989,3.727478,40.21148,28.47414169,0.243893333,20,22.35815274,8.685927392,41.1
Cambodia,143,0.554758321,31.82,44.327,1.989708373,0.307803949,-23.98640297,111.7668232,7.78,4.7,31.1,8.826509,26.22423718,0.477496077,5.21854105,44.55074331,2943.524668,2948.933581,6.5,32.5,4210,9,22.3,68.4,170,4.36901,-2.3,2.27,39.31071064,35.7704,106,2.603879929,7.518833,46.92711,71.12475599,0.243893333,19.0217391,13.82354061,11.59307499,37.9
SÃ£o TomÃ© and PrÃ­ncipe,144,0.555003909,33.87,65.127,3.421450843,0.560528887,0,132.4011368,9.12,50.5,60.5,3.41,56.87910385,0.491649247,13.5154438,0.555001638,2875.760456,2918.228611,3.3,36.7,12,24.41,44.4,66.5,210,4.658307,-1.6,4.91,2.207067377,33.86937,128,9.479419708,6.898551,31.37579,80.46735958,0.25341,18.1818182,12.81511846,14.01509623,51
Kenya,145,0.548409285,47.68,93.608,0.529624268,0.322830855,-7.092772379,131.8464844,5.84,6,23,0.931135,19.71031282,0.552202337,14.04606422,119.9910701,2705.323218,2761.602872,6.4,47.5,1434,43.4,45.1,61.6,400,6.27,-0.2,1.81,31.0001229,22.36874,121,6.638899803,4.476563,56.5747,80.29181812,0.976170003,20.8133971,40.89231168,15.90217703,70.7
Nepal,146,0.547536525,32.82,73.684,6.98723985,0.159608758,-24.70163116,130.417729,9.5,10.2,76.3,0.3816179,12.54302393,0.488570141,9.93664937,60.39804748,2172.790392,2311.257043,2.9,32.2,798,15.44,26,69.6,190,3.31,-2.9,2.09,2.320809332,39.63986,48,4.716989994,5.997744,23.93286,86.88591562,0.3022,29.480737,18.74450907,15.3353641,39.7
Pakistan,147,0.538381762,29.63,27.262,2.660765388,0.927832445,-36.64424217,132.195293,7.14,13.2,93.6,0.5626665,60.89336378,0.535854151,10.96205949,811.2767432,4454.074829,4866.183604,7.7,69,966,13.8,50.03333333,66.2,170,4.733353615,-1.8,8.27,4.465127462,37.80587,39,2.487930059,2.754422,42.54875,39.10663622,0.32902,19.6721311,27.8547536,11.13240441,85.5
Myanmar,148,0.535560678,38.39666667,12.058,0.517299165,0.199423053,-20.5320978,112.4495606,8.49,8.1,52.4,2.494965633,21.31422761,0.413401109,16.29296735,54.61125963,5299.882323,4607.674937,15.2,39.8,2044,2.1,31.8,65.9,200,4.09,-0.4,6.12,19.21348921,25.20767,120,0.786059976,1.770139,28.2163,78.68576527,0.232196667,4.7244094,25.21872186,12.66695574,50.5
Angola,149,0.531591422,42.66,170.156,2.913788453,1.47221569,-4.502755174,136.1297275,7.22,13.7,37,-5.733708,39.27903427,0.407348213,19.91099645,160.7797281,7488.01176,6821.686568,10,101.6,650,21.26,32.1,52.3,460,4.726362,0.6,1.66,3.291979319,68.12715,105,3.476439953,3.798967,42.54306,60.7209731,0.325656667,36.8181818,31.91897795,18.83667616,167.4
Swaziland,150,0.53063315,51.49,71.986,0.163463757,0.865201677,21.14406778,122.0863163,3.38,6,42,0.6383359,57.25897054,0.557224829,19.88586719,8.085460388,6470.88419,5542.26692,33.8,55.9,968,27.1,46.76666667,49,310,7.122,-1,1.7,5.157378966,32.69063,284,7.829539776,8.437423,29.05959,74.56075452,0.29086,14.7368421,17.54118711,15.55956919,80
Tanzania,151,0.521214356,37.82,122.709,0.623021342,0.157503158,-21.38522713,141.0115842,11.54,4.8,15.3,4.289878,10.69052699,0.546911368,19.0273852,82.16306377,1718.117813,2411.472161,12.7,36.4,1063,4.86,45.4,65,410,5.12,-0.6,0.08,24.99486467,33.3469,78,6.181200027,7.311431,43.44315,89.30947301,0.51616,36,21.88066625,16.05165646,51.8
Nigeria,152,0.514024001,42.95,119.594,1.084507968,0.536115274,-52.29314145,134.9246423,6.33,4,55.6,1.074926,17.39586957,0.373180782,8.08360654,941.4627755,5422.693343,5341.109794,20,74.3,600,42.68,29.5,52.8,560,5.94666,-0.4,4.08,11.50578828,20.66159,32,6.246693373,3.875997,37.55319,82.60413043,0.21896,6.6098081,28.31914483,1.556757245,117.4
Cameroon,153,0.511806528,40.72,115.839,3.424371511,0.267620307,-19.90458957,108.0299558,7.81,10,53.7,1.100699,26.79627116,0.587308664,11.57348299,60.96124783,2739.343945,2803.413068,7.6,60.8,912,11,51.1,55.5,590,5.96,-0.5,0.77,15.33127804,30.24518,119,2.965329885,5.106277,45.56349,73.20374372,0.25341,27.1428571,19.96425105,14.76540594,94.5
Madagascar,154,0.509865579,40.63,122.842,-0.861782065,0.112992456,-9.191148106,123.2287449,7.07,3.5,15.4,7.891204,63.67490929,0.407348213,8.62116616,31.37569412,1368.632412,1328.268516,11.1,39.6,196,3.7,46.43333333,65.1,440,6.046865,0,1.61,0.010311891,62.0302,87,2.742980003,4.233579,39.76644,71.62274955,0.10567,20.5298013,21.180726,10.09643429,56
Zimbabwe,155,0.508747386,49.99333333,60.256,-2.40083028,0.738135818,-32.45804006,109.0794885,3.906666667,5.366666667,40.5,2.965159,28.29375288,0.503975903,20.03706449,25.09175794,1773.313226,1615.454099,10.6,55,1833,19.89,43.4,57.5,470,7.25,5.7,0.62,29.42090318,19.52912333,129,1.966099977,5.887984,35.86109,70.29230421,0.444353334,35.1428571,26.68632641,16.76186602,88.5
Mauritania,156,0.505867208,40.46,73.303,1.669600356,0.623915168,-44.09638547,115.4348071,10.09,3.1,21.8,27.07925,72.8012596,0.610451397,17.00110424,11.4565896,2945.229569,3560.120094,5,67.1,0,10.7,38.4,63.1,320,3.77,-1,1.3,23.80440185,35.87207,45,3.812410116,3.77143,35.37825,61.95584257,0.408276668,22.1674877,30.12720924,14.33495715,90.1
Solomon Islands,157,0.505637417,36.75,64.858,1.234110946,0.368065249,-5.258175562,119.818192,5.99,6.866666667,22.8,4.072728,71.43402406,0.407348213,39.19373867,1.123916946,2002.592418,1539.972952,4.3,25.1,24.4,9,64,67.9,130,5.044133924,-4.3,2.24,14.40561312,25.11109,55,9.853710175,5.132867,20.59775,78.00205583,0.27131,2,18.15036757,12.78618935,30.1
Papua New Guinea,158,0.505259362,37.07,62.107,3.155088946,0.745637979,-9.775084855,114.5951801,5.99,6.866666667,18.1,0.1182247,48.98869118,0.611274797,18.65204415,17.99297081,2457.632414,2462.837872,10.4,47.3,174,9.38,38.16666667,62.6,220,3.95,0,0.53,17.29637544,24.95761667,48,4.970450083,4.493263,36.24174,86.21159243,0.458766667,2.7027027,23.75561711,14.7978051,61.4
Comoros,159,0.503183524,64.3,51.125,1.879072239,0.225189085,-81.66666667,105.9509583,3.906666667,5.366666667,69.3,2.326732,72.8012596,0.428497323,16.21755588,1.028722742,1399.780848,1455.776688,10,57.9,19,6.98,38.4,63.3,350,4.601552,-2.8,1.46,22.86191836,44.59307,16,7.608129978,5.757306,27.80796,55.83709561,0.396520001,3.030303,26.11040239,30.28677043,77.9
Yemen,160,0.49811025,35.91,47.018,2.75479145,0.956709703,0,145.7691505,7.58,11,48.4,-0.3714998,98.50974843,0.743960448,13.75709418,93.53603375,3832.28474,3519.487289,4.8,40.4,990,22.55,39.36666667,63.8,270,2.6,-1.1,1.97,32.35370437,40.50239,55,4.560599804,5.351706,30.25279,1.490265344,0.193126667,0.7281553,19.6298133,14.76540594,51.3
Lesotho,161,0.496532149,54.17,89.43,1.986940832,1.08410084,10.99999998,116.9270053,4.43,6.4,20.6,1.922729,61.06031397,0.54063891,37.7314128,5.172914415,2493.613734,3305.904662,38,73,433,11,38.4,49.8,490,5.874752222,-1.9,0.49,63.63823579,43.24563,121,12.98200989,11.47672,32.62708,55.83709561,0.01283,26.7973856,17.37886604,58.69140037,98
Togo,162,0.483537549,45.96,91.518,2.990354912,0.324076867,-60.99270073,108.1821782,6.81,15.5,31.5,1.941805,15.22389258,0.588147782,9.57312679,9.175073395,1345.914276,1228.154409,10.3,55.8,327,5.7,44.4,59.7,450,4.461511,-0.3,0.53,5.125375036,36.14342,64,4.013160229,8.620802,41.34921,82.43938866,0.25349,17.5824176,10.07000476,16.39214561,84.7
Haiti,163,0.483373299,59.21,41.963,3.253228775,0.220395791,-14.31034482,121.9632319,9.73,3.4,37.9,2.196131,21.9816894,0.602642565,9.14928899,17.00729398,1648.399153,1668.713418,10.2,54.7,295,11.4,20,62.8,380,4.8776105,-3.4,5.976666667,15.205918,19.6887,96,3.73600324,9.42383,35.51568333,78.0183106,0.396520001,3.4782609,26.11040239,30.28677043,72.8
Rwanda,164,0.483240524,50.82,33.616,4.410447179,0.059557451,43.081761,117.0538981,8.62,10.5,18,1.472898,56.87910385,0.40047856,14.16529605,16.79763397,1426.366288,1458.039371,23.1,37.1,864,10.6,47.9,64.2,320,3.737537622,-0.8,0.56,10.14349785,65.25253,492,5.088759899,11.14239,59.81633,80.46735958,0.25341,57.5471698,25.68673822,13.37171053,52
Uganda,165,0.482672091,44.55,126.648,-1.113764478,0.108085953,-40.82087982,142.7238878,5.2,21.8,18.2,4.834984,48.98869118,0.538090021,8.31430411,51.40125493,1367.823107,1612.57569,10.7,43.8,1206,17.71,62.2,58.5,360,5.42,-0.8,1.17,23.49298444,75.1622,97,3.279299974,9.763035,45.59109,74.19495628,0.55794,34.9740933,30.64167601,13.00639473,66.1
Benin,166,0.47963511,43.53,90.22,5.495706521,0.509941159,-22.56552681,110.7131254,8.07,21.8,38.4,3.852759,41.70510576,0.614288578,11.24972588,17.89377452,1733.309399,1766.947029,8.4,56.2,231,5.3,32.1,59.6,340,3.3,-0.2,0.59,1.643053087,46.7651,75,5.345119953,4.559738,43.72854,56.17972479,0.53832,8.4337349,16.83266705,15.57788275,85.3
Sudan,167,0.47911312,35.29,83.966,0.039924011,0.354150545,-27.8944743,218.0366895,4.113333333,5.433333333,32.6,3.273623,29.51155156,0.590920502,7.51162664,123.9448404,3264.772978,3808.887883,11.2,51.2,591,24.64,50.13333333,63.5,360,3.137,-4.3,2.8,39.91637429,20.13425,56,2.23167,6.538191,46.10161,70.48844844,0.243893333,23.7597911,22.08003591,13.54493975,76.6
Djibouti,168,0.470442735,39.96,18.622,-1.428301659,0.558725843,0,111.6272293,4.58,4.333333333,53.3,19.63852,61.06031397,0.38605805,25.11463704,2.533725498,2902.546245,3276.21724,10.1,57.4,63,10.71,31.23333333,62,230,3.843,-3.7,2.29,7.549997207,15.5977,83,4.49022007,8.872706,33.23979,26.75522448,0.088956667,12.7272727,28.75298795,15.77495877,69.6
South Sudan,169,0.466698864,37.07,75.286,3.563738895,1.380393759,-9.724267931,149,5.99,6.866666667,5.1,3.043042967,48.98869118,0.449626509,23.04511386,22.19285278,1964.63464,2332.115216,13.9,64.1,0,15.9,38.16666667,55.7,730,5.371240139,15.7,9.733333333,17.29637544,24.95761667,65,0.72963,2.232292,49.89984,86.21159243,0.37121,24.3455497,19.81872994,14.91130148,99.2
Senegal,170,0.465889127,40.31,94.404,2.091007155,0.589493364,-10.21800989,105.5822177,8.37,8.7,56.5,2.016379,53.24021517,0.528217373,15.47713352,30.67030879,2170.077207,2188.114331,2.8,43.9,1063,17.7,32.1,66.5,320,2.476672553,-1.4,0.59,16.19906277,38.63309,64,5.599979877,4.249429,31.58513,46.38948022,0.54086,42.6666667,23.08064614,19.182225,55.3
Afghanistan,171,0.46526426,27.82,86.844,3.344787329,0.420932656,0,127.1924302,5.99,6.866666667,43,0.2934674,48.98869118,0.693350379,12.27059904,57.55212286,1883.763321,1885.32907,6.5,70.2,785.8333333,6.39,46.43333333,60.4,400,3.23,-2.6,2.34,11.02342738,46.79500667,76,5.596006711,8.099593,44.67743,76.34658608,0.36971,27.6353276,3.723815707,7.471638846,97.3
CÃ´te d'Ivoire,172,0.462221997,43.19,130.256,-1.08256853,0.332470412,1.762864405,109.0123859,6.72,8.8,55.8,1.194357,21.51022569,0.678892199,8.41311544,63.13160516,3107.468888,3171.289313,13.6,71.3,289,14.6,39.36666667,51.5,720,4.26,0.5,1.44,1.280253484,26.88125,34,4.60299015,5.703037,41.00117,78.96061647,0.25341,9.1633466,21.39089647,14.22691575,100
Malawi,173,0.445415565,46.18,144.815,-0.808499773,0.078048881,-18.60882957,166.1245533,7.63,23.6,9.8,3.196371,72.8012596,0.611113155,22.09725416,12.35344315,754.9819753,747.3318516,1.8,44.2,770,5.83,41.2,62.8,510,4.29,0,0.19,19.39214872,40.26663,76,5.35337019,8.335025,69.14697,55.83709561,0.396520001,16.6666667,26.11040239,30.28677043,67.9
Ethiopia,174,0.441815954,33.6,78.37,1.205304708,0.084380362,-20.95695012,176.773131,6.25,9,26.6,2.005168,5.724114818,0.558285315,8.2926239,125.6934169,1335.732275,1427.671464,12,44.4,681,2.9,55.9,64.1,420,2.412325859,-0.1,0.25,72.31884019,63.39572,136,4.737909794,5.062669,53.74934,94.27588225,0.24566,25.5131965,16.02720139,9.209358617,64.4
Gambia,175,0.440649497,47.28,115.826,2.695134526,0.2430624,9.411764701,115.4818101,7.25,2.7,34.5,2.798017,63.67490929,0.622404111,7.47477875,2.973886987,1608.127999,1507.327346,10.2,49.4,171,15.56,52.7,60.2,430,2.82,-1.5,1.07,17.94506408,27.03985,56,4.082859993,5.951738,36.13171,53.54469329,0.13309,9.4339623,18.04463555,15.12563711,73.8
Democratic Republic of the Congo,176,0.433135354,44.43,135.3,-2.951561275,0.053572611,-4.272057774,128.5934872,5.99,6.866666667,16.4,5.19284,4.205263792,0.672979582,12.39206836,52.88071225,783.2592536,680.4713129,28.3,86.1,191,3,64.1,58.7,730,6.01,-0.2,1.07,0.06511597,29.27455,33,1.60244,3.507367,34.74758,95.83932171,0.13019,8.1666667,11.87871353,8.351894129,118.5
Liberia,177,0.429695109,38.16,117.425,-4.858369221,0.218418427,-13.39013999,124.6808214,5.99,6.866666667,9.8,35.8935,48.98869118,0.651150297,15.46745899,3.649239426,849.8309242,804.9491373,3.2,53.6,0,5.41,38.6,60.9,640,4.09,-0.9,0.14,20.98760468,32.2345,46,2.820689917,10.02607,26.49841,76.34658608,0.53832,10.6796117,27.7274266,20.8853595,71.1
Guinea-Bissau,178,0.41960507,35.52,99.317,1.278787486,0.151265093,-9.65703971,108.0385583,5.99,6.866666667,60.6,1.509387,48.98869118,0.449626509,18.65204415,2.321010944,1361.89182,1362.353835,8.4,77.9,30,3.32,38.16666667,55.2,560,2.832866333,-1.2,0.7,1.018281226,36.04113667,68.66666667,4.970450083,5.496816,51.92515,86.21159243,0.458766667,13.7254902,23.75561711,14.7978051,123.9
Mali,179,0.419288836,33.02,175.579,2.944053946,0.086735785,-12.36498007,107.7863578,7.67,9.4,25.6,3.74941,72.8012596,0.67673589,11.33455169,24.31688255,1589.167348,1582.992166,7.5,77.6,142,7,46.76666667,58,550,2.04498744,-4,0.83,59.51022588,38.40749,36,4.808650017,7.140213,41.29582,88.28914849,0.66142,9.5238095,21.90263347,15.76777907,122.7
Mozambique,180,0.416427561,45.66,137.755,-2.738430449,0.13351434,-11.01664438,117.3995242,8.61,6.7,20.2,42.84896,9.511787243,0.590679891,20.41077399,27.63241864,1069.624677,1123.435974,12.4,61.5,1886,5.94,31.5,55.1,480,3.245,-0.2,0.4,1.85083861,68.40503,65,5.006840229,6.78957,54.51697,93.34080501,0.4626,39.6,29.546561,20.79049493,87.2
Sierra Leone,181,0.412779427,35.35,100.685,-2.582641409,0.153169615,-13.8293778,144.609751,6.83,3.3,14.2,3.483561,56.87910385,0.650117271,10.35603422,9.105511055,1494.648548,1780.360219,1.9,107.2,81,2.1,44.4,50.9,1100,3.06,-0.7,0.22,2.207067377,52.24828,52,2.883009911,11.84411,34.83163,80.46735958,0.25341,12.3966942,31.04615236,11.69649823,160.6
Guinea,182,0.411281627,33.68,130.994,0.686102601,0.232605745,-10.90308371,156.4485904,9.9,7.3,26.2,2.20259,56.87910385,0.491649247,9.67617543,14.24560036,1212.888133,1095.756085,8.9,64.9,56,1.72,44.4,58.8,650,2.417763,-0.2,1,0.847330433,41.41929,25,2.471390009,4.694245,43.55555,80.46735958,0.25341,21.9298246,14.82255819,11.14003429,100.7
Burkina Faso,183,0.402287573,39.78,115.408,5.155913182,0.120817204,-19.24930628,107.2568579,8.37,11.8,13.1,2.905095,72.8012596,0.631257949,18.19258307,26.79075397,1581.990473,1590.697013,8,64.1,218,9.4,15.4,58.7,400,1.373855,-1.5,0.47,73.15428759,30.92551,28,3.427010059,6.407305,46.09623,61.95584257,0.20056,13.3333333,20.06002946,16.26673391,97.6
Burundi,184,0.399928329,33.27,30.256,0.630171896,0.021908917,-41.7301038,140.0186251,7.04,8.3,6.5,0.2536301,63.67490929,0.491558581,22.09033698,7.591006442,746.9601514,758.1799101,8,54.8,142,1.38,50.13333333,56.7,740,2.686,-0.4,0.28,18.5357217,52.5044,72,5.820909977,8.017716,44.83364,53.54469329,0.12126,34.9315068,19.85536004,11.00697437,82.9
Chad,185,0.391905717,43.3,152.015,0.861267595,0.044623125,-13.29824561,109.9543314,8.03,11.7,6.4,3.984281,72.8012596,0.706454929,7.59360578,25.92757104,2021.593471,2085.338961,7.3,88.5,100,2.5,46.76666667,51.6,980,1.928899,-1.9,0.37,45.38459543,49.01242,41,2.2579,3.556836,62.42763,88.28914849,0.612716668,14.893617,27.61832487,15.97889667,147.5
Eritrea,186,0.390899023,36.75,65.28,2.709606612,0.087767907,-6.033312766,113.6526673,4.113333333,5.433333333,36.1,1.273454,21.72873008,0.407348213,21.07730835,7.32947357,1157.321543,1130.174331,7.1,36.1,107,0.99,52.7,63.7,380,3.859551,1.8,0.5,58.8287,30.98078,120,2.127000093,3.035674,40.9313,78.27153135,0.226783333,22,17.40296491,13.26578063,49.9
Central African Republic,187,0.350131068,56.3,98.334,-1.829932298,0.064475205,-2.835840191,108.7570881,5.99,6.866666667,10.8,0.0520097,56.87910385,0.654875679,7.66439107,2.697723042,584.375944,580.731815,11.8,96.1,71,4.03,44.4,50.7,880,4.224099,0.4,0.48,2.207067377,53.44371,19,1.228620052,3.917532,80.11576,80.46735958,0.25341,12.5,6.902222819,9.455152885,139.2
Niger,188,0.348254389,31.16,204.789,1.835630725,0.086170201,-39.37275066,105.7861428,7.24,9.4,14.4,8.524492,61.06031397,0.713228301,14.62888581,15.81294162,886.8096113,908.3426097,4.7,59.9,123,1.95,31.23333333,61.4,630,1.45,-0.3,0.19,25.04842445,30.67039,42,4.435669899,6.549742,38.75524,26.75522448,0.088956667,13.2743363,11.55800689,11.33782192,104.2